,temperature,pressure,flow_rate,moisture,品種,設備タグ,稼働開始時刻,稼働終了時刻,稼働日
2025-06-01 14:15:00,71.84189715034562,1.5973003287652403,110.82343757689215,13.52805956314572,H,2,2025-06-01 14:13:00,2025-06-02 11:13:00,2025-06-01
2025-06-01 14:20:00,79.22898290585896,1.5128948829620241,96.53700439232847,8.914396969580707,H,2,2025-06-01 14:13:00,2025-06-02 11:13:00,2025-06-01
2025-06-01 14:25:00,83.41151974816644,1.1049066867292257,121.79890994981551,10.734489940229922,H,2,2025-06-01 14:13:00,2025-06-02 11:13:00,2025-06-01
2025-06-01 14:30:00,82.7669079933002,1.3121329212362491,79.92091300415126,13.192882275163505,H,2,2025-06-01 14:13:00,2025-06-02 11:13:00,2025-06-01
2025-06-01 14:35:00,88.27183249036024,1.4711824888556768,110.39377934547417,10.731428304621193,H,2,2025-06-01 14:13:00,2025-06-02 11:13:00,2025-06-01
2025-06-01 14:40:00,80.13001891877907,1.2580610514317785,90.9120876886166,11.528060025578057,H,2,2025-06-01 14:13:00,2025-06-02 11:13:00,2025-06-01
2025-06-01 14:45:00,94.53534077157317,1.6199857459992408,125.79066859310944,13.488371420630068,H,2,2025-06-01 14:13:00,2025-06-02 11:13:00,2025-06-01
2025-06-01 14:50:00,77.35343166762044,1.8061501664687394,129.88773029752178,12.843092167073122,H,2,2025-06-01 14:13:00,2025-06-02 11:13:00,2025-06-01
2025-06-01 14:55:00,107.20169166589619,1.7437523703394633,88.50015118324978,12.533636792590803,H,2,2025-06-01 14:13:00,2025-06-02 11:13:00,2025-06-01
2025-06-01 15:00:00,86.25667347765007,1.4573114258139583,91.7566429613713,11.321755441459922,H,2,2025-06-01 14:13:00,2025-06-02 11:13:00,2025-06-01
2025-06-01 15:05:00,71.42842443583717,1.7981452273699905,112.89381830469702,12.74012223053791,H,2,2025-06-01 14:13:00,2025-06-02 11:13:00,2025-06-01
2025-06-01 15:10:00,69.29107501938887,1.5297334914404224,94.19304025315728,11.752534639800487,H,2,2025-06-01 14:13:00,2025-06-02 11:13:00,2025-06-01
2025-06-01 15:15:00,84.82472415243186,1.432582805776392,99.31883173101643,12.91561121985157,H,2,2025-06-01 14:13:00,2025-06-02 11:13:00,2025-06-01
2025-06-01 15:20:00,77.7653721467415,1.377319467291812,100.38082630813615,11.006135949764044,H,2,2025-06-01 14:13:00,2025-06-02 11:13:00,2025-06-01
2025-06-01 15:25:00,87.14000494092092,1.4395060627023744,71.20490265703515,11.634862051240917,H,2,2025-06-01 14:13:00,2025-06-02 11:13:00,2025-06-01
2025-06-01 15:30:00,84.73237624573545,1.4223646362917544,99.79243380858644,10.020084414895972,H,2,2025-06-01 14:13:00,2025-06-02 11:13:00,2025-06-01
2025-06-01 15:35:00,79.27171087343127,1.5340832444750976,89.6540833890374,11.929984779987528,H,2,2025-06-01 14:13:00,2025-06-02 11:13:00,2025-06-01
2025-06-01 15:40:00,71.53206281931595,1.5321147962099728,92.60315766400342,10.37799827274231,H,2,2025-06-01 14:13:00,2025-06-02 11:13:00,2025-06-01
2025-06-01 15:45:00,64.85152775314135,1.5006092040306829,121.65448005203221,9.771907099676014,H,2,2025-06-01 14:13:00,2025-06-02 11:13:00,2025-06-01
2025-06-01 15:50:00,75.53485047932979,1.58738763394927,81.15239658581115,12.517322295710777,H,2,2025-06-01 14:13:00,2025-06-02 11:13:00,2025-06-01
2025-06-01 15:55:00,88.56398794323472,1.7381292549572682,112.19807780121965,12.42547955171532,H,2,2025-06-01 14:13:00,2025-06-02 11:13:00,2025-06-01
2025-06-01 16:00:00,82.14093744130204,1.6899108270882648,95.81555604502287,13.565747469897145,H,2,2025-06-01 14:13:00,2025-06-02 11:13:00,2025-06-01
2025-06-01 16:05:00,67.54261221288012,1.2030204063100194,95.80359747256249,11.137748860849802,H,2,2025-06-01 14:13:00,2025-06-02 11:13:00,2025-06-01
2025-06-01 16:10:00,81.73180925851182,0.9892157730196091,111.85557844077567,12.816105693673512,H,2,2025-06-01 14:13:00,2025-06-02 11:13:00,2025-06-01
2025-06-01 16:15:00,83.85317379728836,1.6868639822478548,105.10076941853336,13.101595144547327,H,2,2025-06-01 14:13:00,2025-06-02 11:13:00,2025-06-01
2025-06-01 16:20:00,71.16142563798867,1.2266242603169157,108.55919495829296,12.88954761566319,H,2,2025-06-01 14:13:00,2025-06-02 11:13:00,2025-06-01
2025-06-01 16:25:00,81.53725105945527,1.4550469196214633,114.52276990799291,10.348692634395716,H,2,2025-06-01 14:13:00,2025-06-02 11:13:00,2025-06-01
2025-06-01 16:30:00,80.58208718446,1.265977394788128,95.03037425225016,12.298726964542379,H,2,2025-06-01 14:13:00,2025-06-02 11:13:00,2025-06-01
2025-06-01 16:35:00,68.57029702169376,1.139603912483996,90.81644898238375,12.728280592109323,H,2,2025-06-01 14:13:00,2025-06-02 11:13:00,2025-06-01
2025-06-01 16:40:00,83.57787360348283,1.6082925456409576,83.72274210163303,12.014356933815884,H,2,2025-06-01 14:13:00,2025-06-02 11:13:00,2025-06-01
2025-06-01 16:45:00,85.60784526368235,1.6518310320605294,87.61884205031568,7.827044683257831,H,2,2025-06-01 14:13:00,2025-06-02 11:13:00,2025-06-01
2025-06-01 16:50:00,90.83051243175277,1.384697919854656,144.2364163796309,12.32097924794696,H,2,2025-06-01 14:13:00,2025-06-02 11:13:00,2025-06-01
2025-06-01 16:55:00,90.53802052034902,0.981791541571018,118.67019371105181,16.425062078794483,H,2,2025-06-01 14:13:00,2025-06-02 11:13:00,2025-06-01
2025-06-01 17:00:00,66.22330632042909,1.3907511103495034,79.73388450687968,11.279921462486035,H,2,2025-06-01 14:13:00,2025-06-02 11:13:00,2025-06-01
2025-06-01 17:05:00,70.62174960084877,1.5783608010805092,80.16313064884645,10.543845804289358,H,2,2025-06-01 14:13:00,2025-06-02 11:13:00,2025-06-01
2025-06-01 17:10:00,85.1503526720866,1.2042176862451743,107.22799092577738,12.746697119422796,H,2,2025-06-01 14:13:00,2025-06-02 11:13:00,2025-06-01
2025-06-01 17:15:00,85.1378595091221,1.5366719839558312,108.2089719606695,12.624756420933144,H,2,2025-06-01 14:13:00,2025-06-02 11:13:00,2025-06-01
2025-06-01 17:20:00,85.15047686306048,1.496938030165401,108.23325752976046,14.38547033083283,H,2,2025-06-01 14:13:00,2025-06-02 11:13:00,2025-06-01
2025-06-01 17:25:00,118.52731490654722,1.6158582999202178,96.17566309669454,9.484263688182224,H,2,2025-06-01 14:13:00,2025-06-02 11:13:00,2025-06-01
2025-06-01 17:30:00,85.70890510693167,1.5239160736828306,98.1181860999565,13.462760505149985,H,2,2025-06-01 14:13:00,2025-06-02 11:13:00,2025-06-01
2025-06-01 17:35:00,91.35565640180599,1.305386211823689,104.91819286239036,13.180844122502927,H,2,2025-06-01 14:13:00,2025-06-02 11:13:00,2025-06-01
2025-06-01 17:40:00,89.54001763493203,1.7393143003328984,101.28839509439996,11.715706926118909,H,2,2025-06-01 14:13:00,2025-06-02 11:13:00,2025-06-01
2025-06-01 17:45:00,86.51391251305797,1.468294085394606,66.71049440878697,12.67737463584338,H,2,2025-06-01 14:13:00,2025-06-02 11:13:00,2025-06-01
2025-06-01 17:50:00,76.84730755359655,1.4945390920980137,96.55300554137209,14.058914963196715,H,2,2025-06-01 14:13:00,2025-06-02 11:13:00,2025-06-01
2025-06-01 17:55:00,87.58969220493267,1.3133464081853607,87.22890348609529,13.7446307600569,H,2,2025-06-01 14:13:00,2025-06-02 11:13:00,2025-06-01
2025-06-01 18:00:00,72.27174785462428,1.411343549761698,102.62817128362768,9.713961375852543,H,2,2025-06-01 14:13:00,2025-06-02 11:13:00,2025-06-01
2025-06-01 18:05:00,77.63181393259991,1.3230394571946198,144.77888503905115,13.640316373510968,H,2,2025-06-01 14:13:00,2025-06-02 11:13:00,2025-06-01
2025-06-01 18:10:00,75.14636452170896,1.4654107880153153,105.51222498211456,11.870622789934963,H,2,2025-06-01 14:13:00,2025-06-02 11:13:00,2025-06-01
2025-06-01 18:15:00,80.81874139386322,1.8423416960284686,95.29705470741403,12.14574819603103,H,2,2025-06-01 14:13:00,2025-06-02 11:13:00,2025-06-01
2025-06-01 18:20:00,103.14658566673509,1.2256197714137287,113.82702252965878,12.146393982003389,H,2,2025-06-01 14:13:00,2025-06-02 11:13:00,2025-06-01
2025-06-01 18:25:00,61.32734807408252,1.1772877204246517,107.24031830813819,11.69951402240348,H,2,2025-06-01 14:13:00,2025-06-02 11:13:00,2025-06-01
2025-06-01 18:30:00,86.86260190374513,1.7942340654987217,106.30141735677762,14.38341499421413,H,2,2025-06-01 14:13:00,2025-06-02 11:13:00,2025-06-01
2025-06-01 18:35:00,63.87284128810349,1.4581352645696268,109.10275889823507,11.832564080301577,H,2,2025-06-01 14:13:00,2025-06-02 11:13:00,2025-06-01
2025-06-01 18:40:00,75.28068134210567,1.3661854522680166,130.84815347244313,9.760907743233663,H,2,2025-06-01 14:13:00,2025-06-02 11:13:00,2025-06-01
2025-06-01 18:45:00,90.88950596967366,1.7079809374792152,83.03667347011127,11.212940288060542,H,2,2025-06-01 14:13:00,2025-06-02 11:13:00,2025-06-01
2025-06-01 18:50:00,80.64280019095463,1.378876892052627,107.10448115217181,12.357389433620952,H,2,2025-06-01 14:13:00,2025-06-02 11:13:00,2025-06-01
2025-06-01 18:55:00,69.22255222070694,1.8652019427093873,86.10428305027692,14.4584295685941,H,2,2025-06-01 14:13:00,2025-06-02 11:13:00,2025-06-01
2025-06-01 19:00:00,72.84696290740033,1.6355851742678538,108.33268969513372,13.206189369897666,H,2,2025-06-01 14:13:00,2025-06-02 11:13:00,2025-06-01
2025-06-01 19:05:00,86.79597748934675,1.4024177183708595,86.21970232770859,10.298929442505912,H,2,2025-06-01 14:13:00,2025-06-02 11:13:00,2025-06-01
2025-06-01 19:10:00,72.69633368282864,1.9314616426531006,93.73949779592374,16.970379833357782,H,2,2025-06-01 14:13:00,2025-06-02 11:13:00,2025-06-01
2025-06-01 19:15:00,82.16458589581976,1.3788570153993323,95.5736512864314,12.52955062195596,H,2,2025-06-01 14:13:00,2025-06-02 11:13:00,2025-06-01
2025-06-01 19:20:00,80.45571839903813,1.6484190744018614,114.63725079017064,14.55078147599803,H,2,2025-06-01 14:13:00,2025-06-02 11:13:00,2025-06-01
2025-06-01 19:25:00,73.48399652394183,1.5598585160812983,113.7768166591362,11.696571132845541,H,2,2025-06-01 14:13:00,2025-06-02 11:13:00,2025-06-01
2025-06-01 19:30:00,101.43944089325325,1.7603482578797596,81.31423935330423,13.0667184894109,H,2,2025-06-01 14:13:00,2025-06-02 11:13:00,2025-06-01
2025-06-01 19:35:00,86.33919022318011,1.8123022393453705,100.82401166499773,13.67893700903681,H,2,2025-06-01 14:13:00,2025-06-02 11:13:00,2025-06-01
2025-06-01 19:40:00,59.74857413342393,1.5064008298131533,89.3563021787624,14.436389423508512,H,2,2025-06-01 14:13:00,2025-06-02 11:13:00,2025-06-01
2025-06-01 19:45:00,81.86454314769428,1.3493164259307633,81.12242633986997,14.11473661075645,H,2,2025-06-01 14:13:00,2025-06-02 11:13:00,2025-06-01
2025-06-01 19:50:00,73.38213535231613,1.5919944285878234,96.74474424363444,13.744394000145956,H,2,2025-06-01 14:13:00,2025-06-02 11:13:00,2025-06-01
2025-06-01 19:55:00,88.52433334796224,1.3644569260495787,95.37275817316271,11.369826537611782,H,2,2025-06-01 14:13:00,2025-06-02 11:13:00,2025-06-01
2025-06-01 20:00:00,72.07479261567299,1.9026774495053247,136.40074729518284,10.856507916087878,H,2,2025-06-01 14:13:00,2025-06-02 11:13:00,2025-06-01
2025-06-01 20:05:00,78.85263558533102,1.5273070662165475,106.49439738041045,12.665215020648395,H,2,2025-06-01 14:13:00,2025-06-02 11:13:00,2025-06-01
2025-06-01 20:10:00,85.04987278980457,1.4269356897375782,79.33573748868645,13.866256144682138,H,2,2025-06-01 14:13:00,2025-06-02 11:13:00,2025-06-01
2025-06-01 20:15:00,88.65755194170121,1.5369360611729816,91.52838993743586,11.554558598446786,H,2,2025-06-01 14:13:00,2025-06-02 11:13:00,2025-06-01
2025-06-01 20:20:00,67.99703592944223,1.2305747420940607,115.32074943144097,14.130343931428772,H,2,2025-06-01 14:13:00,2025-06-02 11:13:00,2025-06-01
2025-06-01 20:25:00,76.65498764159051,1.3056771922978696,131.32664159304886,14.905233490972359,H,2,2025-06-01 14:13:00,2025-06-02 11:13:00,2025-06-01
2025-06-01 20:30:00,75.25054688839043,1.740082781588885,76.21025031643063,10.16735816185316,H,2,2025-06-01 14:13:00,2025-06-02 11:13:00,2025-06-01
2025-06-01 20:35:00,73.46670767426288,1.3686211442057208,71.80113422291433,10.32615859240744,H,2,2025-06-01 14:13:00,2025-06-02 11:13:00,2025-06-01
2025-06-01 20:40:00,97.65454240281096,1.290617803463612,128.06447763057673,11.719249882189327,H,2,2025-06-01 14:13:00,2025-06-02 11:13:00,2025-06-01
2025-06-01 20:45:00,84.04981710960955,1.6073305505054571,105.84421266056356,12.615225336378392,H,2,2025-06-01 14:13:00,2025-06-02 11:13:00,2025-06-01
2025-06-01 20:50:00,67.39116045664954,1.7371408309325993,86.9756090218545,10.950865972465898,H,2,2025-06-01 14:13:00,2025-06-02 11:13:00,2025-06-01
2025-06-01 20:55:00,89.17861947054776,1.6437906621330134,108.01943629183653,14.704405357734288,H,2,2025-06-01 14:13:00,2025-06-02 11:13:00,2025-06-01
2025-06-01 21:00:00,101.22156197012633,1.6992095371611633,60.463783914746834,12.848133723036902,H,2,2025-06-01 14:13:00,2025-06-02 11:13:00,2025-06-01
2025-06-01 21:05:00,90.32465260551147,1.3486409822861078,100.05063259895742,12.078894096481479,H,2,2025-06-01 14:13:00,2025-06-02 11:13:00,2025-06-01
2025-06-01 21:10:00,64.80630034045987,1.2156378666516312,104.91731759264628,9.128180952262944,H,2,2025-06-01 14:13:00,2025-06-02 11:13:00,2025-06-01
2025-06-01 21:15:00,75.15765927133748,1.8002667303910973,113.86405209306744,9.368368367144985,H,2,2025-06-01 14:13:00,2025-06-02 11:13:00,2025-06-01
2025-06-01 21:20:00,92.66911149186623,1.4354640322315728,84.79156071561194,12.562018500563612,H,2,2025-06-01 14:13:00,2025-06-02 11:13:00,2025-06-01
2025-06-01 21:25:00,72.92330534381219,1.4498333967089905,101.28530742105039,7.734808747690328,H,2,2025-06-01 14:13:00,2025-06-02 11:13:00,2025-06-01
2025-06-01 21:30:00,84.43819428146229,1.7656388283698117,86.11863060910619,14.025274819288143,H,2,2025-06-01 14:13:00,2025-06-02 11:13:00,2025-06-01
2025-06-01 21:35:00,87.74634053429337,1.611246001880132,103.83075633511476,11.68369231125536,H,2,2025-06-01 14:13:00,2025-06-02 11:13:00,2025-06-01
2025-06-01 21:40:00,70.73069528421917,1.5911775544163216,86.56980516455464,18.48618593918947,H,2,2025-06-01 14:13:00,2025-06-02 11:13:00,2025-06-01
2025-06-01 21:45:00,79.404746439382,1.9330004689802167,93.87848741259668,16.61583250123222,H,2,2025-06-01 14:13:00,2025-06-02 11:13:00,2025-06-01
2025-06-01 21:50:00,47.58732659930927,1.3712963539239713,85.06276907814656,11.637101861504966,H,2,2025-06-01 14:13:00,2025-06-02 11:13:00,2025-06-01
2025-06-01 21:55:00,69.7561235866571,1.6855680256162475,109.76704362735485,11.78732599493737,H,2,2025-06-01 14:13:00,2025-06-02 11:13:00,2025-06-01
2025-06-01 22:00:00,77.4743184860684,1.5114026249794168,112.87676674984998,13.99116302800406,H,2,2025-06-01 14:13:00,2025-06-02 11:13:00,2025-06-01
2025-06-01 22:05:00,67.5221681803515,1.5537184557726513,96.48069145063879,15.406345219836076,H,2,2025-06-01 14:13:00,2025-06-02 11:13:00,2025-06-01
2025-06-01 22:10:00,96.32411303931636,1.8056936852825063,100.57356992440043,8.723941885127967,H,2,2025-06-01 14:13:00,2025-06-02 11:13:00,2025-06-01
2025-06-01 22:15:00,65.69858622039368,1.6015671512579248,78.27112878049684,8.427249069290626,H,2,2025-06-01 14:13:00,2025-06-02 11:13:00,2025-06-01
2025-06-01 22:20:00,75.59955513303017,1.6076592158099265,95.50485027989819,10.755930388891237,H,2,2025-06-01 14:13:00,2025-06-02 11:13:00,2025-06-01
2025-06-01 22:25:00,81.30740577286092,1.7145014674619605,99.24693074437383,13.16547516634773,H,2,2025-06-01 14:13:00,2025-06-02 11:13:00,2025-06-01
2025-06-01 22:30:00,94.41273289066116,1.4270094540914229,139.31189636544963,12.993747181015195,H,2,2025-06-01 14:13:00,2025-06-02 11:13:00,2025-06-01
2025-06-01 22:35:00,65.6413784882056,1.3321580665321986,83.32049461338755,14.1395429099677,H,2,2025-06-01 14:13:00,2025-06-02 11:13:00,2025-06-01
2025-06-01 22:40:00,91.63163752154959,1.2910381611957933,121.96265858128656,9.600604943269383,H,2,2025-06-01 14:13:00,2025-06-02 11:13:00,2025-06-01
2025-06-01 22:45:00,80.10233061019586,1.1067286821247997,114.95288160198712,7.367712274062247,H,2,2025-06-01 14:13:00,2025-06-02 11:13:00,2025-06-01
2025-06-01 22:50:00,70.18491348952048,1.9112414259880643,104.20954606735205,13.71602839060429,H,2,2025-06-01 14:13:00,2025-06-02 11:13:00,2025-06-01
2025-06-01 22:55:00,84.6210347426327,1.2793583268556634,126.379307262927,10.34360745406953,H,2,2025-06-01 14:13:00,2025-06-02 11:13:00,2025-06-01
2025-06-01 23:00:00,81.9905969557347,1.4557492752828456,105.58158208910294,7.963024271222724,H,2,2025-06-01 14:13:00,2025-06-02 11:13:00,2025-06-01
2025-06-01 23:05:00,73.99783122841205,1.4446373400222159,105.83738793501894,12.290127491918764,H,2,2025-06-01 14:13:00,2025-06-02 11:13:00,2025-06-01
2025-06-01 23:10:00,80.69802084990019,1.5614813395618201,99.20319020473681,13.586351376437355,H,2,2025-06-01 14:13:00,2025-06-02 11:13:00,2025-06-01
2025-06-01 23:15:00,76.14686403138239,1.6631474425078594,118.35353323627942,11.755885735757445,H,2,2025-06-01 14:13:00,2025-06-02 11:13:00,2025-06-01
2025-06-01 23:20:00,81.13517345251248,1.672094697671949,116.44703850716326,11.084303227635022,H,2,2025-06-01 14:13:00,2025-06-02 11:13:00,2025-06-01
2025-06-01 23:25:00,86.62130674521046,1.3833845122862123,90.6148406875568,11.681275535708187,H,2,2025-06-01 14:13:00,2025-06-02 11:13:00,2025-06-01
2025-06-01 23:30:00,95.86016816145352,1.4665756572427178,80.21129208101848,11.258834475198434,H,2,2025-06-01 14:13:00,2025-06-02 11:13:00,2025-06-01
2025-06-01 23:35:00,67.62184501173151,1.55651599009766,96.95529043906514,9.303905776119667,H,2,2025-06-01 14:13:00,2025-06-02 11:13:00,2025-06-01
2025-06-01 23:40:00,101.33033374656267,1.4502617747632907,87.9994215340353,10.570638646019136,H,2,2025-06-01 14:13:00,2025-06-02 11:13:00,2025-06-01
2025-06-01 23:45:00,60.47912200477498,1.8214691152039986,99.04713138076967,13.04255981002763,H,2,2025-06-01 14:13:00,2025-06-02 11:13:00,2025-06-01
2025-06-01 23:50:00,78.48214904964416,1.5981949903276502,118.56157202026209,12.643357082753,H,2,2025-06-01 14:13:00,2025-06-02 11:13:00,2025-06-01
2025-06-01 23:55:00,85.88317206484577,1.6469755572099636,93.14047517369815,12.33611961193364,H,2,2025-06-01 14:13:00,2025-06-02 11:13:00,2025-06-01
2025-06-02 00:00:00,82.80991867735032,1.6325762537334825,99.35764928032637,10.00970303629324,H,2,2025-06-01 14:13:00,2025-06-02 11:13:00,2025-06-01
2025-06-02 00:05:00,73.77300480179406,1.734694771497065,100.87034102212593,11.636993675728666,H,2,2025-06-01 14:13:00,2025-06-02 11:13:00,2025-06-01
2025-06-02 00:10:00,77.91877749642725,1.5362043117407413,112.72646323307927,7.645869907114291,H,2,2025-06-01 14:13:00,2025-06-02 11:13:00,2025-06-01
2025-06-02 00:15:00,75.06999065341168,1.2406336104088307,66.29665999023092,12.35695332777078,H,2,2025-06-01 14:13:00,2025-06-02 11:13:00,2025-06-01
2025-06-02 00:20:00,74.10635243055789,1.5799375903505284,90.89949557852054,14.857715415627135,H,2,2025-06-01 14:13:00,2025-06-02 11:13:00,2025-06-01
2025-06-02 00:25:00,88.49602097021025,1.3697286212416342,103.16925538419208,9.051735735915788,H,2,2025-06-01 14:13:00,2025-06-02 11:13:00,2025-06-01
2025-06-02 00:30:00,83.57015485965047,1.3942766636500485,118.00118434640292,10.82814465336449,H,2,2025-06-01 14:13:00,2025-06-02 11:13:00,2025-06-01
2025-06-02 00:35:00,73.07090404739346,1.6172728037510187,92.62146328740693,12.65821355742026,H,2,2025-06-01 14:13:00,2025-06-02 11:13:00,2025-06-01
2025-06-02 00:40:00,88.9959987543325,1.7476566142867271,71.85170940937189,14.505685268854968,H,2,2025-06-01 14:13:00,2025-06-02 11:13:00,2025-06-01
2025-06-02 00:45:00,83.07299520876609,1.5042543153472123,109.29567168949204,11.103550767399701,H,2,2025-06-01 14:13:00,2025-06-02 11:13:00,2025-06-01
2025-06-02 00:50:00,88.1286211883896,1.5617666025197927,90.46956416761556,10.615499341468208,H,2,2025-06-01 14:13:00,2025-06-02 11:13:00,2025-06-01
2025-06-02 00:55:00,86.29628841923612,1.8404429889270477,82.15500011364458,8.062153715167835,H,2,2025-06-01 14:13:00,2025-06-02 11:13:00,2025-06-01
2025-06-02 01:00:00,71.71004989077927,1.5481506358977137,90.63481915430164,12.206876258616212,H,2,2025-06-01 14:13:00,2025-06-02 11:13:00,2025-06-01
2025-06-02 01:05:00,74.3981895980303,2.020336622836079,97.23211963516226,16.084152080287488,H,2,2025-06-01 14:13:00,2025-06-02 11:13:00,2025-06-01
2025-06-02 01:10:00,87.47293605123262,1.613101929126309,90.92883003192681,12.554716923929352,H,2,2025-06-01 14:13:00,2025-06-02 11:13:00,2025-06-01
2025-06-02 01:15:00,86.10370265433465,1.1478474481688363,66.91650914351396,11.955442041632573,H,2,2025-06-01 14:13:00,2025-06-02 11:13:00,2025-06-01
2025-06-02 01:20:00,79.79098406035853,1.6506683242209066,113.45599295330697,12.644164621533971,H,2,2025-06-01 14:13:00,2025-06-02 11:13:00,2025-06-01
2025-06-02 01:25:00,81.17327383308782,1.5762316769765556,119.12312561918083,11.977815992102796,H,2,2025-06-01 14:13:00,2025-06-02 11:13:00,2025-06-01
2025-06-02 01:30:00,92.77664895788425,1.7579505508165492,109.77282987009258,10.37397125547974,H,2,2025-06-01 14:13:00,2025-06-02 11:13:00,2025-06-01
2025-06-02 01:35:00,74.0842861116417,1.6346362702539916,82.93471494362775,13.646559831355411,H,2,2025-06-01 14:13:00,2025-06-02 11:13:00,2025-06-01
2025-06-02 01:40:00,85.47097381170038,1.4723088032032452,96.97762699078723,12.451523046223508,H,2,2025-06-01 14:13:00,2025-06-02 11:13:00,2025-06-01
2025-06-02 01:45:00,77.97807347566106,1.2551403527421268,99.90218027155812,12.035226503867314,H,2,2025-06-01 14:13:00,2025-06-02 11:13:00,2025-06-01
2025-06-02 01:50:00,77.82318796772779,1.458195348542795,108.98191584342865,10.0492679454435,H,2,2025-06-01 14:13:00,2025-06-02 11:13:00,2025-06-01
2025-06-02 01:55:00,90.9877685198719,1.32989590915814,110.02510733077122,14.607015863869519,H,2,2025-06-01 14:13:00,2025-06-02 11:13:00,2025-06-01
2025-06-02 02:00:00,88.2541634898803,1.3838953100390554,88.98739301832256,13.32940549066622,H,2,2025-06-01 14:13:00,2025-06-02 11:13:00,2025-06-01
2025-06-02 02:05:00,88.13509636000639,1.617715680884122,101.22993334620341,10.894158325265396,H,2,2025-06-01 14:13:00,2025-06-02 11:13:00,2025-06-01
2025-06-02 02:10:00,93.05478807154329,1.8339809008702812,106.85920606922862,14.003649707363873,H,2,2025-06-01 14:13:00,2025-06-02 11:13:00,2025-06-01
2025-06-02 02:15:00,80.21003841632759,1.5789343059645962,121.83733483220149,11.004858323229586,H,2,2025-06-01 14:13:00,2025-06-02 11:13:00,2025-06-01
2025-06-02 02:20:00,86.81952971294965,1.260823387592963,110.56759809737085,10.435993014977926,H,2,2025-06-01 14:13:00,2025-06-02 11:13:00,2025-06-01
2025-06-02 02:25:00,76.89733243406543,1.5889205336440282,111.83585031063278,10.480593765039426,H,2,2025-06-01 14:13:00,2025-06-02 11:13:00,2025-06-01
2025-06-02 02:30:00,83.24166352488442,1.7393262973291304,101.25739941894041,8.457862893823817,H,2,2025-06-01 14:13:00,2025-06-02 11:13:00,2025-06-01
2025-06-02 02:35:00,78.69856945632316,1.3780434191361235,121.15688717805256,12.943084760836411,H,2,2025-06-01 14:13:00,2025-06-02 11:13:00,2025-06-01
2025-06-02 02:40:00,80.96995964992718,1.4731965666654165,106.14644193939246,8.3377102433233,H,2,2025-06-01 14:13:00,2025-06-02 11:13:00,2025-06-01
2025-06-02 02:45:00,85.95157025436913,1.5029376389458393,87.08368134739644,9.543112337468475,H,2,2025-06-01 14:13:00,2025-06-02 11:13:00,2025-06-01
2025-06-02 02:50:00,71.81779316766527,1.3430203373835519,121.05054955187786,7.8488239818429335,H,2,2025-06-01 14:13:00,2025-06-02 11:13:00,2025-06-01
2025-06-02 02:55:00,100.9238727568546,1.6296560867687717,110.46854908808541,11.827860614418213,H,2,2025-06-01 14:13:00,2025-06-02 11:13:00,2025-06-01
2025-06-02 03:00:00,69.93982618500299,1.4758103702784438,93.35433968307277,11.699359079456256,H,2,2025-06-01 14:13:00,2025-06-02 11:13:00,2025-06-01
2025-06-02 03:05:00,67.85811387212269,1.5839064887814056,92.80760548901135,11.346607573627272,H,2,2025-06-01 14:13:00,2025-06-02 11:13:00,2025-06-01
2025-06-02 03:10:00,91.58110873500068,1.32250156443958,104.44863317711143,9.914844610658847,H,2,2025-06-01 14:13:00,2025-06-02 11:13:00,2025-06-01
2025-06-02 03:15:00,87.91662693962935,1.412508339935318,106.94777192901377,9.65553249312672,H,2,2025-06-01 14:13:00,2025-06-02 11:13:00,2025-06-01
2025-06-02 03:20:00,86.24119817052156,1.6444762715655543,102.95938398446809,12.928739727093149,H,2,2025-06-01 14:13:00,2025-06-02 11:13:00,2025-06-01
2025-06-02 03:25:00,86.2834550926428,1.4254333695816466,104.66963010164328,10.898896136583025,H,2,2025-06-01 14:13:00,2025-06-02 11:13:00,2025-06-01
2025-06-02 03:30:00,79.87753227153085,1.845392770246681,125.49936061864571,12.632716643072289,H,2,2025-06-01 14:13:00,2025-06-02 11:13:00,2025-06-01
2025-06-02 03:35:00,71.02745628514168,1.4200727628770795,116.07314728352328,10.229502627751556,H,2,2025-06-01 14:13:00,2025-06-02 11:13:00,2025-06-01
2025-06-02 03:40:00,80.75804558193727,1.5449369451503772,102.85953386897536,12.362125485542165,H,2,2025-06-01 14:13:00,2025-06-02 11:13:00,2025-06-01
2025-06-02 03:45:00,73.22838288487888,1.686518166374618,114.11965871151224,14.606556074632127,H,2,2025-06-01 14:13:00,2025-06-02 11:13:00,2025-06-01
2025-06-02 03:50:00,89.7511973341775,1.2163268534133937,84.5121414470869,13.172331600785567,H,2,2025-06-01 14:13:00,2025-06-02 11:13:00,2025-06-01
2025-06-02 03:55:00,78.52942618497862,1.1478382376038447,105.96890574920214,11.17517236356704,H,2,2025-06-01 14:13:00,2025-06-02 11:13:00,2025-06-01
2025-06-02 04:00:00,71.74502803207488,1.194868737085981,127.13959524599665,12.514397940711854,H,2,2025-06-01 14:13:00,2025-06-02 11:13:00,2025-06-01
2025-06-02 04:05:00,76.78614158347007,1.7525168206854365,96.72931156911439,11.518669650939573,H,2,2025-06-01 14:13:00,2025-06-02 11:13:00,2025-06-01
2025-06-02 04:10:00,84.12931454275625,1.3896283708215107,87.28549107071373,12.015760369389456,H,2,2025-06-01 14:13:00,2025-06-02 11:13:00,2025-06-01
2025-06-02 04:15:00,74.36275447196026,2.0116398571336505,90.21866667110409,11.348777895702993,H,2,2025-06-01 14:13:00,2025-06-02 11:13:00,2025-06-01
2025-06-02 04:20:00,71.77779604433569,1.3871504802685224,83.65550443986417,11.671329588229218,H,2,2025-06-01 14:13:00,2025-06-02 11:13:00,2025-06-01
2025-06-02 04:25:00,82.43687211491913,1.5369102606394074,88.22857137808445,12.424186706148351,H,2,2025-06-01 14:13:00,2025-06-02 11:13:00,2025-06-01
2025-06-02 04:30:00,82.44966571108722,1.8084219905135752,94.44237852114956,10.0132826008361,H,2,2025-06-01 14:13:00,2025-06-02 11:13:00,2025-06-01
2025-06-02 04:35:00,74.9305682462887,1.9012185776318247,78.91649471232037,9.968242346020043,H,2,2025-06-01 14:13:00,2025-06-02 11:13:00,2025-06-01
2025-06-02 04:40:00,75.28961694381677,1.9123007153272795,100.23427500924404,9.222914892337577,H,2,2025-06-01 14:13:00,2025-06-02 11:13:00,2025-06-01
2025-06-02 04:45:00,82.32049937357637,1.7416732461186286,113.53415760679971,8.79945779099258,H,2,2025-06-01 14:13:00,2025-06-02 11:13:00,2025-06-01
2025-06-02 04:50:00,65.51915658502676,1.7048125051622924,86.38365729779619,9.565434615559042,H,2,2025-06-01 14:13:00,2025-06-02 11:13:00,2025-06-01
2025-06-02 04:55:00,65.92536225623445,1.6185053898402366,122.78925885462652,12.318925013608258,H,2,2025-06-01 14:13:00,2025-06-02 11:13:00,2025-06-01
2025-06-02 05:00:00,72.81555778747564,1.6556722152333276,107.66188132791392,10.214424969016232,H,2,2025-06-01 14:13:00,2025-06-02 11:13:00,2025-06-01
2025-06-02 05:05:00,77.86552848288153,1.3897628567342932,115.45870878436085,13.027228928462193,H,2,2025-06-01 14:13:00,2025-06-02 11:13:00,2025-06-01
2025-06-02 05:10:00,83.10907565598005,1.3363602233155385,90.13248169221794,12.069427497505124,H,2,2025-06-01 14:13:00,2025-06-02 11:13:00,2025-06-01
2025-06-02 05:15:00,94.75356216949552,1.4993251085178096,112.81787840599924,8.062991573123892,H,2,2025-06-01 14:13:00,2025-06-02 11:13:00,2025-06-01
2025-06-02 05:20:00,88.5765962320202,1.4659630754950144,83.6209914940703,13.30995116844338,H,2,2025-06-01 14:13:00,2025-06-02 11:13:00,2025-06-01
2025-06-02 05:25:00,78.40061470036574,1.4093543901345449,113.35371251254763,13.62159729118342,H,2,2025-06-01 14:13:00,2025-06-02 11:13:00,2025-06-01
2025-06-02 05:30:00,79.80983792097311,1.639277489491343,102.57759009690297,10.012274650330294,H,2,2025-06-01 14:13:00,2025-06-02 11:13:00,2025-06-01
2025-06-02 05:35:00,69.97470635362191,1.691061041714102,108.29876829977175,12.840383085789984,H,2,2025-06-01 14:13:00,2025-06-02 11:13:00,2025-06-01
2025-06-02 05:40:00,79.8148686400761,1.5176813772583695,82.36608091562722,10.287003525181602,H,2,2025-06-01 14:13:00,2025-06-02 11:13:00,2025-06-01
2025-06-02 05:45:00,77.11341361079862,1.7955060162110523,86.57395236585093,12.195340753496671,H,2,2025-06-01 14:13:00,2025-06-02 11:13:00,2025-06-01
2025-06-02 05:50:00,83.22718560338089,1.271662177173299,108.95842327380078,9.47100318609007,H,2,2025-06-01 14:13:00,2025-06-02 11:13:00,2025-06-01
2025-06-02 05:55:00,71.72769056447677,1.4612681081440564,85.77477993663699,8.413787094930846,H,2,2025-06-01 14:13:00,2025-06-02 11:13:00,2025-06-01
2025-06-02 06:00:00,85.19346514241172,1.356635535879439,106.94809438148684,11.234365620774062,H,2,2025-06-01 14:13:00,2025-06-02 11:13:00,2025-06-01
2025-06-02 06:05:00,95.32738913002578,1.126692676585388,79.49293290309632,11.752542107450328,H,2,2025-06-01 14:13:00,2025-06-02 11:13:00,2025-06-01
2025-06-02 06:10:00,78.91239851543142,1.4834638628314603,112.72261319000002,11.204640612770792,H,2,2025-06-01 14:13:00,2025-06-02 11:13:00,2025-06-01
2025-06-02 06:15:00,84.01711722098942,1.4756504983233434,81.51215027847236,9.63193888355488,H,2,2025-06-01 14:13:00,2025-06-02 11:13:00,2025-06-01
2025-06-02 06:20:00,86.90143991711112,1.8026899486484262,108.28449906519285,11.200201875737726,H,2,2025-06-01 14:13:00,2025-06-02 11:13:00,2025-06-01
2025-06-02 06:25:00,75.98779528114164,1.6261623369109555,109.38446400469002,12.538589505161468,H,2,2025-06-01 14:13:00,2025-06-02 11:13:00,2025-06-01
2025-06-02 06:30:00,82.24092481810416,1.295162635134159,89.54842272355637,11.910213939754925,H,2,2025-06-01 14:13:00,2025-06-02 11:13:00,2025-06-01
2025-06-02 06:35:00,80.12592400781794,1.8708185132668378,108.7303985062709,12.365002061198426,H,2,2025-06-01 14:13:00,2025-06-02 11:13:00,2025-06-01
2025-06-02 06:40:00,80.97676098548831,1.7442067391050706,103.90663395000334,10.659769599091534,H,2,2025-06-01 14:13:00,2025-06-02 11:13:00,2025-06-01
2025-06-02 06:45:00,72.26990216144533,1.6164195406937232,91.91737215710893,14.34343582943232,H,2,2025-06-01 14:13:00,2025-06-02 11:13:00,2025-06-01
2025-06-02 06:50:00,80.24510174258943,1.4547031802300336,84.87167973885688,9.647653326890438,H,2,2025-06-01 14:13:00,2025-06-02 11:13:00,2025-06-01
2025-06-02 06:55:00,84.9799829124545,1.3081121526553041,70.56061462491131,12.975120594173438,H,2,2025-06-01 14:13:00,2025-06-02 11:13:00,2025-06-01
2025-06-02 07:00:00,94.51143607795042,1.4255586447857893,105.2447507094954,14.363782185919924,H,2,2025-06-01 14:13:00,2025-06-02 11:13:00,2025-06-01
2025-06-02 07:05:00,89.59270826085206,1.7177497239408372,76.52795842956917,12.96181618549779,H,2,2025-06-01 14:13:00,2025-06-02 11:13:00,2025-06-01
2025-06-02 07:10:00,101.53182457511556,1.8769172611869218,101.43016299161962,11.59495154587034,H,2,2025-06-01 14:13:00,2025-06-02 11:13:00,2025-06-01
2025-06-02 07:15:00,72.3265243711195,1.8086487056544378,96.04827675876626,10.943405906674041,H,2,2025-06-01 14:13:00,2025-06-02 11:13:00,2025-06-01
2025-06-02 07:20:00,88.72320636720679,1.4022301156427452,110.18714163157293,14.072175302092512,H,2,2025-06-01 14:13:00,2025-06-02 11:13:00,2025-06-01
2025-06-02 07:25:00,81.83342005738352,1.2760765133421978,95.46931750765204,9.154050149476653,H,2,2025-06-01 14:13:00,2025-06-02 11:13:00,2025-06-01
2025-06-02 07:30:00,101.89802933217672,1.5281772493822408,95.05828320479363,10.059751479240713,H,2,2025-06-01 14:13:00,2025-06-02 11:13:00,2025-06-01
2025-06-02 07:35:00,71.91701714644849,1.1463121268874297,110.97806056432444,11.204884469016557,H,2,2025-06-01 14:13:00,2025-06-02 11:13:00,2025-06-01
2025-06-02 07:40:00,71.60278157819224,1.5646335428369562,105.02587043626177,14.475307515023996,H,2,2025-06-01 14:13:00,2025-06-02 11:13:00,2025-06-01
2025-06-02 07:45:00,74.00607354555977,1.4704794827402663,104.74233935774167,12.759535272081791,H,2,2025-06-01 14:13:00,2025-06-02 11:13:00,2025-06-01
2025-06-02 07:50:00,58.76104275690193,1.4067926996263516,107.03901384712789,10.06390848297951,H,2,2025-06-01 14:13:00,2025-06-02 11:13:00,2025-06-01
2025-06-02 07:55:00,74.74244978319238,1.1810593865466408,76.96641815189341,11.379384589230193,H,2,2025-06-01 14:13:00,2025-06-02 11:13:00,2025-06-01
2025-06-02 08:00:00,72.40867338446301,1.6027200213139432,111.35183019980472,10.77135371180741,H,2,2025-06-01 14:13:00,2025-06-02 11:13:00,2025-06-01
2025-06-02 08:05:00,81.50393786476208,1.3934598320676177,109.18703191020404,10.58042201553293,H,2,2025-06-01 14:13:00,2025-06-02 11:13:00,2025-06-01
2025-06-02 08:10:00,83.4175597577716,1.2660166328579423,84.74975307135254,13.957779117113558,H,2,2025-06-01 14:13:00,2025-06-02 11:13:00,2025-06-01
2025-06-02 08:15:00,98.76170839215887,0.9255475573436701,96.33879289488698,9.25651374147299,H,2,2025-06-01 14:13:00,2025-06-02 11:13:00,2025-06-01
2025-06-02 08:20:00,89.5042383818605,1.4944970189898727,99.41039068558553,15.217561711468747,H,2,2025-06-01 14:13:00,2025-06-02 11:13:00,2025-06-01
2025-06-02 08:25:00,74.23096344337597,1.8544503193339488,97.98254823397401,13.656459380369245,H,2,2025-06-01 14:13:00,2025-06-02 11:13:00,2025-06-01
2025-06-02 08:30:00,71.01585328651642,1.832251842909574,105.00789949852802,14.181723341207396,H,2,2025-06-01 14:13:00,2025-06-02 11:13:00,2025-06-01
2025-06-02 08:35:00,84.91919171506505,1.4085807486827457,121.47050172746775,11.074120975949484,H,2,2025-06-01 14:13:00,2025-06-02 11:13:00,2025-06-01
2025-06-02 08:40:00,66.79766792979358,1.3795575879276438,116.22650091509243,11.700118561841782,H,2,2025-06-01 14:13:00,2025-06-02 11:13:00,2025-06-01
2025-06-02 08:45:00,98.31458765854353,1.5937548512150048,80.31671209852891,9.133696370950576,H,2,2025-06-01 14:13:00,2025-06-02 11:13:00,2025-06-01
2025-06-02 08:50:00,91.79440120721287,1.3003229121623416,109.33104985459073,10.950675185866395,H,2,2025-06-01 14:13:00,2025-06-02 11:13:00,2025-06-01
2025-06-02 08:55:00,75.30824347895295,1.5603583799638931,119.93399979303115,12.987309695286301,H,2,2025-06-01 14:13:00,2025-06-02 11:13:00,2025-06-01
2025-06-02 09:00:00,62.868654709091224,1.6532160556769382,105.80212781033804,14.592126123562792,H,2,2025-06-01 14:13:00,2025-06-02 11:13:00,2025-06-01
2025-06-02 09:05:00,93.53872374165412,1.7453866447768616,116.3647063777895,9.785686366395097,H,2,2025-06-01 14:13:00,2025-06-02 11:13:00,2025-06-01
2025-06-02 09:10:00,78.85460154747382,1.4799691847040095,130.18405668551148,11.268988126029468,H,2,2025-06-01 14:13:00,2025-06-02 11:13:00,2025-06-01
2025-06-02 09:15:00,92.37816311973462,1.4592652499646068,115.35564319160471,11.697401559534955,H,2,2025-06-01 14:13:00,2025-06-02 11:13:00,2025-06-01
2025-06-02 09:20:00,64.05572341205632,1.324403482648688,103.73962893462593,9.208421595615029,H,2,2025-06-01 14:13:00,2025-06-02 11:13:00,2025-06-01
2025-06-02 09:25:00,74.00624977046228,1.3346239291920279,115.6763271112713,13.1826984835168,H,2,2025-06-01 14:13:00,2025-06-02 11:13:00,2025-06-01
2025-06-02 09:30:00,80.05243699718183,1.4547042216196946,102.17331749645336,10.552019336514782,H,2,2025-06-01 14:13:00,2025-06-02 11:13:00,2025-06-01
2025-06-02 09:35:00,80.46980593764742,1.5734731013632357,100.35854564927433,11.609219297645952,H,2,2025-06-01 14:13:00,2025-06-02 11:13:00,2025-06-01
2025-06-02 09:40:00,75.49934528520757,1.6827169252466498,94.72878646429402,11.096101256176244,H,2,2025-06-01 14:13:00,2025-06-02 11:13:00,2025-06-01
2025-06-02 09:45:00,86.22849932347499,1.339364209863931,123.45120038248163,10.421322988560652,H,2,2025-06-01 14:13:00,2025-06-02 11:13:00,2025-06-01
2025-06-02 09:50:00,69.32379570617405,1.7985377137919043,87.72357001086998,11.985910029038891,H,2,2025-06-01 14:13:00,2025-06-02 11:13:00,2025-06-01
2025-06-02 09:55:00,78.57620514978707,1.4457752797914862,122.98551587017174,11.568780842863955,H,2,2025-06-01 14:13:00,2025-06-02 11:13:00,2025-06-01
2025-06-02 10:00:00,81.20295631711899,1.4957265411303127,107.49796185610558,11.256284235442669,H,2,2025-06-01 14:13:00,2025-06-02 11:13:00,2025-06-01
2025-06-02 10:05:00,85.14438834058748,1.3505576641704353,79.01040737797088,10.543076756639314,H,2,2025-06-01 14:13:00,2025-06-02 11:13:00,2025-06-01
2025-06-02 10:10:00,87.11614878088889,1.0151519479454116,105.51473939487133,12.639049341565912,H,2,2025-06-01 14:13:00,2025-06-02 11:13:00,2025-06-01
2025-06-02 10:15:00,68.75357908162131,1.67680907927221,68.49960238522564,15.30723453698457,H,2,2025-06-01 14:13:00,2025-06-02 11:13:00,2025-06-01
2025-06-02 10:20:00,64.65885829264377,1.6473687794184866,109.38262025246553,12.279774465678255,H,2,2025-06-01 14:13:00,2025-06-02 11:13:00,2025-06-01
2025-06-02 10:25:00,92.7767682189851,1.4437344885763572,113.27847224483486,13.992236429822258,H,2,2025-06-01 14:13:00,2025-06-02 11:13:00,2025-06-01
2025-06-02 10:30:00,83.32314011979592,1.5133981434449744,91.11466066521919,9.219556149693075,H,2,2025-06-01 14:13:00,2025-06-02 11:13:00,2025-06-01
2025-06-02 10:35:00,72.51513463443446,1.60318784354082,101.85321543933374,12.315522878587538,H,2,2025-06-01 14:13:00,2025-06-02 11:13:00,2025-06-01
2025-06-02 10:40:00,95.51151975522524,1.1874908286226915,129.3123615062543,9.805263362057866,H,2,2025-06-01 14:13:00,2025-06-02 11:13:00,2025-06-01
2025-06-02 10:45:00,81.15674634292859,1.394189464530741,92.41379943607095,9.046150144936197,H,2,2025-06-01 14:13:00,2025-06-02 11:13:00,2025-06-01
2025-06-02 10:50:00,91.79297184063826,1.6588529359243656,84.11638619415099,10.521257185081927,H,2,2025-06-01 14:13:00,2025-06-02 11:13:00,2025-06-01
2025-06-02 10:55:00,80.67518481410109,1.2491421153661502,122.22495103693899,14.383798668827145,H,2,2025-06-01 14:13:00,2025-06-02 11:13:00,2025-06-01
2025-06-02 11:00:00,100.60747924881987,1.5587115864333259,129.43880785796193,13.90003165733929,H,2,2025-06-01 14:13:00,2025-06-02 11:13:00,2025-06-01
2025-06-02 11:05:00,97.55340842443204,1.228683639075319,100.0554350777177,12.486009444108799,H,2,2025-06-01 14:13:00,2025-06-02 11:13:00,2025-06-01
2025-06-02 11:10:00,77.51035851520926,1.5932859964867052,115.17194553112535,8.934598880220138,H,2,2025-06-01 14:13:00,2025-06-02 11:13:00,2025-06-01
2025-06-02 20:55:00,74.23108130476851,1.4050192686754952,82.48330673098097,12.056915162366318,H,1,2025-06-02 20:55:00,2025-06-03 10:13:00,2025-06-02
2025-06-02 21:00:00,88.35692112065142,1.6742594594914488,103.25163345643944,7.844376360287606,H,1,2025-06-02 20:55:00,2025-06-03 10:13:00,2025-06-02
2025-06-02 21:05:00,68.70293145342382,1.2308040639506503,83.54046208550734,11.359404390926716,H,1,2025-06-02 20:55:00,2025-06-03 10:13:00,2025-06-02
2025-06-02 21:10:00,85.29804177915283,1.5252759159092824,91.16699759891956,15.286756311609068,H,1,2025-06-02 20:55:00,2025-06-03 10:13:00,2025-06-02
2025-06-02 21:15:00,94.41568620657901,1.887785799811657,87.4410635342545,12.72129578287159,H,1,2025-06-02 20:55:00,2025-06-03 10:13:00,2025-06-02
2025-06-02 21:20:00,55.283554998727105,1.299933735078885,90.88187108986273,10.273012790070132,H,1,2025-06-02 20:55:00,2025-06-03 10:13:00,2025-06-02
2025-06-02 21:25:00,72.03104744529523,1.3644510058950297,91.91315945276531,11.937593022121833,H,1,2025-06-02 20:55:00,2025-06-03 10:13:00,2025-06-02
2025-06-02 21:30:00,85.7707212718054,1.602781569931783,91.77596807612385,12.036033744088893,H,1,2025-06-02 20:55:00,2025-06-03 10:13:00,2025-06-02
2025-06-02 21:35:00,77.96954613957007,1.5359163563879197,112.50000867670461,12.945260691686812,H,1,2025-06-02 20:55:00,2025-06-03 10:13:00,2025-06-02
2025-06-02 21:40:00,83.71145873371309,1.5701260198547118,83.4270581040622,9.266283273438347,H,1,2025-06-02 20:55:00,2025-06-03 10:13:00,2025-06-02
2025-06-02 21:45:00,73.9601481328418,1.5978374260295327,103.308121405208,13.18513454769466,H,1,2025-06-02 20:55:00,2025-06-03 10:13:00,2025-06-02
2025-06-02 21:50:00,80.865897874729,1.626944293712354,118.26938728458337,6.59121673679445,H,1,2025-06-02 20:55:00,2025-06-03 10:13:00,2025-06-02
2025-06-02 21:55:00,78.44322764607921,1.7219399683912446,92.30205453229905,10.74023089527238,H,1,2025-06-02 20:55:00,2025-06-03 10:13:00,2025-06-02
2025-06-02 22:00:00,91.67782061659807,1.5819637313857025,89.23121663878597,11.023452315096911,H,1,2025-06-02 20:55:00,2025-06-03 10:13:00,2025-06-02
2025-06-02 22:05:00,82.54420843301213,1.4517484690762914,96.54213062229624,13.266653652142477,H,1,2025-06-02 20:55:00,2025-06-03 10:13:00,2025-06-02
2025-06-02 22:10:00,83.37602662075201,1.6345147402405462,117.69587812541064,12.045261705353738,H,1,2025-06-02 20:55:00,2025-06-03 10:13:00,2025-06-02
2025-06-02 22:15:00,75.88123033877532,1.8799763869790431,102.91161446430037,9.188873892287427,H,1,2025-06-02 20:55:00,2025-06-03 10:13:00,2025-06-02
2025-06-02 22:20:00,75.12393775927507,1.4734732507234853,92.03178558088602,10.03001374836597,H,1,2025-06-02 20:55:00,2025-06-03 10:13:00,2025-06-02
2025-06-02 22:25:00,75.6744181218038,1.3050941390658717,107.2581497678206,12.397360019094814,H,1,2025-06-02 20:55:00,2025-06-03 10:13:00,2025-06-02
2025-06-02 22:30:00,83.94452142378297,1.7214161338573946,83.46561775245365,11.841865316270887,H,1,2025-06-02 20:55:00,2025-06-03 10:13:00,2025-06-02
2025-06-02 22:35:00,75.79015519179737,1.4759237672092804,110.22039265664422,10.841751780728508,H,1,2025-06-02 20:55:00,2025-06-03 10:13:00,2025-06-02
2025-06-02 22:40:00,82.89774856896413,1.0654660907971927,106.12910961552652,11.038332420976042,H,1,2025-06-02 20:55:00,2025-06-03 10:13:00,2025-06-02
2025-06-02 22:45:00,100.75400798645438,1.6694843354300843,95.38287293291674,13.392335994318579,H,1,2025-06-02 20:55:00,2025-06-03 10:13:00,2025-06-02
2025-06-02 22:50:00,88.71124703431693,1.3929343628092155,87.42121302329153,10.964614854261571,H,1,2025-06-02 20:55:00,2025-06-03 10:13:00,2025-06-02
2025-06-02 22:55:00,76.73976467832159,1.481893343539168,86.69978616574814,11.823817511941854,H,1,2025-06-02 20:55:00,2025-06-03 10:13:00,2025-06-02
2025-06-02 23:00:00,92.01213922163944,1.566396066113803,108.02226004518866,16.339873176161085,H,1,2025-06-02 20:55:00,2025-06-03 10:13:00,2025-06-02
2025-06-02 23:05:00,75.91924626978448,1.5380999359558132,118.43470753733592,9.152634726232154,H,1,2025-06-02 20:55:00,2025-06-03 10:13:00,2025-06-02
2025-06-02 23:10:00,59.61875464822146,1.641890363427808,90.44038379456808,8.296314536850684,H,1,2025-06-02 20:55:00,2025-06-03 10:13:00,2025-06-02
2025-06-02 23:15:00,69.91913689082595,1.4129027258860314,106.87580055327226,13.567179329597213,H,1,2025-06-02 20:55:00,2025-06-03 10:13:00,2025-06-02
2025-06-02 23:20:00,61.29208078974145,1.6026211596352165,68.69459472096896,10.642713877411794,H,1,2025-06-02 20:55:00,2025-06-03 10:13:00,2025-06-02
2025-06-02 23:25:00,76.48486515958692,1.4480906644832165,91.23073404014201,11.36352494451476,H,1,2025-06-02 20:55:00,2025-06-03 10:13:00,2025-06-02
2025-06-02 23:30:00,80.18418379189552,1.6477620961775006,99.53411600693647,10.437687243737772,H,1,2025-06-02 20:55:00,2025-06-03 10:13:00,2025-06-02
2025-06-02 23:35:00,96.76437312275283,1.6230734968026106,86.3547487452725,11.480399718464975,H,1,2025-06-02 20:55:00,2025-06-03 10:13:00,2025-06-02
2025-06-02 23:40:00,83.26927373764163,1.312912259591081,85.95240437815606,15.197076224192683,H,1,2025-06-02 20:55:00,2025-06-03 10:13:00,2025-06-02
2025-06-02 23:45:00,77.80899471191135,1.7171964232350065,89.9833066529667,13.604256917236238,H,1,2025-06-02 20:55:00,2025-06-03 10:13:00,2025-06-02
2025-06-02 23:50:00,88.2940558118349,1.3928073109771903,104.38289092489559,13.724447023773955,H,1,2025-06-02 20:55:00,2025-06-03 10:13:00,2025-06-02
2025-06-02 23:55:00,57.88864690992115,1.661611559656229,97.19006472390438,9.16754588841471,H,1,2025-06-02 20:55:00,2025-06-03 10:13:00,2025-06-02
2025-06-03 00:00:00,82.35614558108566,1.5734574626802682,66.42653150012542,9.697692526894262,H,1,2025-06-02 20:55:00,2025-06-03 10:13:00,2025-06-02
2025-06-03 00:05:00,87.70865193886966,1.8676367353590244,68.189497710474,6.321842681029146,H,1,2025-06-02 20:55:00,2025-06-03 10:13:00,2025-06-02
2025-06-03 00:10:00,65.21413754220158,1.4553068035256296,90.89702233214237,10.381238357834492,H,1,2025-06-02 20:55:00,2025-06-03 10:13:00,2025-06-02
2025-06-03 00:15:00,91.43754043206928,1.4301366407763605,106.86529879080328,13.913406372771316,H,1,2025-06-02 20:55:00,2025-06-03 10:13:00,2025-06-02
2025-06-03 00:20:00,83.38496407494414,1.4961160788224535,58.78742735912148,13.033893031496742,H,1,2025-06-02 20:55:00,2025-06-03 10:13:00,2025-06-02
2025-06-03 00:25:00,75.84712086099199,1.439364043433145,92.50404735772554,11.556973474095752,H,1,2025-06-02 20:55:00,2025-06-03 10:13:00,2025-06-02
2025-06-03 00:30:00,86.32781866106285,1.65998838038841,92.10628215223868,11.955399432563894,H,1,2025-06-02 20:55:00,2025-06-03 10:13:00,2025-06-02
2025-06-03 00:35:00,102.70692857804396,1.1767378783126823,120.82506667312671,10.622228914849188,H,1,2025-06-02 20:55:00,2025-06-03 10:13:00,2025-06-02
2025-06-03 00:40:00,81.81866255058495,1.289263516170729,94.22467282430705,12.409517764803569,H,1,2025-06-02 20:55:00,2025-06-03 10:13:00,2025-06-02
2025-06-03 00:45:00,82.48220586300336,1.2864394156841614,105.74483477111393,13.531756558961229,H,1,2025-06-02 20:55:00,2025-06-03 10:13:00,2025-06-02
2025-06-03 00:50:00,75.40639100459757,1.6900615183947152,102.11885710131195,8.768226425179055,H,1,2025-06-02 20:55:00,2025-06-03 10:13:00,2025-06-02
2025-06-03 00:55:00,71.50155630535208,1.842122674516385,68.04150280289198,12.599295375674696,H,1,2025-06-02 20:55:00,2025-06-03 10:13:00,2025-06-02
2025-06-03 01:00:00,88.30335816544246,1.4791101562925058,111.52310824947605,13.864869741909335,H,1,2025-06-02 20:55:00,2025-06-03 10:13:00,2025-06-02
2025-06-03 01:05:00,71.43916174091133,1.466235655361998,103.23094758184432,11.169799422073261,H,1,2025-06-02 20:55:00,2025-06-03 10:13:00,2025-06-02
2025-06-03 01:10:00,80.71566237219392,1.5140104326226362,107.62402959511884,13.401401224241168,H,1,2025-06-02 20:55:00,2025-06-03 10:13:00,2025-06-02
2025-06-03 01:15:00,75.22342553234883,1.732375660521638,158.8935655965449,17.629308888945104,H,1,2025-06-02 20:55:00,2025-06-03 10:13:00,2025-06-02
2025-06-03 01:20:00,84.78979825746391,1.3145293731618852,68.73830590752118,11.791314414026216,H,1,2025-06-02 20:55:00,2025-06-03 10:13:00,2025-06-02
2025-06-03 01:25:00,83.33662105286949,1.547673796546957,125.87044974641663,12.786614100010647,H,1,2025-06-02 20:55:00,2025-06-03 10:13:00,2025-06-02
2025-06-03 01:30:00,90.375399442579,1.6950395259564859,95.68828720899467,10.523885832677216,H,1,2025-06-02 20:55:00,2025-06-03 10:13:00,2025-06-02
2025-06-03 01:35:00,74.89983601145254,1.600218833987969,104.30993356604515,12.362502325204101,H,1,2025-06-02 20:55:00,2025-06-03 10:13:00,2025-06-02
2025-06-03 01:40:00,77.30125064706628,1.5379163233197486,99.31731632048137,12.920543249964608,H,1,2025-06-02 20:55:00,2025-06-03 10:13:00,2025-06-02
2025-06-03 01:45:00,70.21236284217693,1.7002092185134283,93.63645499902935,12.389684680540276,H,1,2025-06-02 20:55:00,2025-06-03 10:13:00,2025-06-02
2025-06-03 01:50:00,75.55706739923889,0.9593535414001525,91.45250607641862,9.960609360582286,H,1,2025-06-02 20:55:00,2025-06-03 10:13:00,2025-06-02
2025-06-03 01:55:00,83.77300493044852,1.6355750639061815,104.94263103359513,12.412723542650902,H,1,2025-06-02 20:55:00,2025-06-03 10:13:00,2025-06-02
2025-06-03 02:00:00,87.56988616645351,1.3691848633745152,77.24239454992481,14.924391877435273,H,1,2025-06-02 20:55:00,2025-06-03 10:13:00,2025-06-02
2025-06-03 02:05:00,70.77834675822375,1.1338734206287087,111.25868751282648,12.897271529029055,H,1,2025-06-02 20:55:00,2025-06-03 10:13:00,2025-06-02
2025-06-03 02:10:00,88.6960592010566,1.602240519904996,93.7570839267212,13.923974378143683,H,1,2025-06-02 20:55:00,2025-06-03 10:13:00,2025-06-02
2025-06-03 02:15:00,93.55637858804951,1.7747317090325916,83.04895991439463,11.525976059974745,H,1,2025-06-02 20:55:00,2025-06-03 10:13:00,2025-06-02
2025-06-03 02:20:00,84.13434903223701,1.4725102970744617,93.24980713006279,13.49980047884742,H,1,2025-06-02 20:55:00,2025-06-03 10:13:00,2025-06-02
2025-06-03 02:25:00,98.76795812558066,1.6905749094405877,118.8572382529386,12.558535676433053,H,1,2025-06-02 20:55:00,2025-06-03 10:13:00,2025-06-02
2025-06-03 02:30:00,72.26210800896428,1.822455651597729,91.96997369475665,10.098178540625536,H,1,2025-06-02 20:55:00,2025-06-03 10:13:00,2025-06-02
2025-06-03 02:35:00,67.55345296688583,1.7629828907168095,105.3768042731443,12.63704200959775,H,1,2025-06-02 20:55:00,2025-06-03 10:13:00,2025-06-02
2025-06-03 02:40:00,62.212797510957216,1.8279929058742785,89.0356558642679,10.016606673119378,H,1,2025-06-02 20:55:00,2025-06-03 10:13:00,2025-06-02
2025-06-03 02:45:00,94.96044311489183,1.6484254982143784,111.3688277488543,10.734239450230415,H,1,2025-06-02 20:55:00,2025-06-03 10:13:00,2025-06-02
2025-06-03 02:50:00,86.54365656354058,1.5150867277803186,110.28261608185306,12.378656614584749,H,1,2025-06-02 20:55:00,2025-06-03 10:13:00,2025-06-02
2025-06-03 02:55:00,79.44415329089544,1.1796068376205664,127.72913249944617,12.594488546760248,H,1,2025-06-02 20:55:00,2025-06-03 10:13:00,2025-06-02
2025-06-03 03:00:00,82.7996862631982,1.4507875023740102,97.36654081751176,9.621535069845741,H,1,2025-06-02 20:55:00,2025-06-03 10:13:00,2025-06-02
2025-06-03 03:05:00,68.74510952701624,1.3313506809367617,110.0298220713686,14.107971542365753,H,1,2025-06-02 20:55:00,2025-06-03 10:13:00,2025-06-02
2025-06-03 03:10:00,104.45751979616827,1.9341885434995627,101.47101309308417,13.144012556600945,H,1,2025-06-02 20:55:00,2025-06-03 10:13:00,2025-06-02
2025-06-03 03:15:00,81.29221181975228,1.4648228375135326,119.43807672794522,10.590543128778233,H,1,2025-06-02 20:55:00,2025-06-03 10:13:00,2025-06-02
2025-06-03 03:20:00,81.09394794604893,1.5246409613568972,89.21751418586905,8.924830407101648,H,1,2025-06-02 20:55:00,2025-06-03 10:13:00,2025-06-02
2025-06-03 03:25:00,87.25766623898691,1.6102970752080936,111.17507969315922,11.710190841837138,H,1,2025-06-02 20:55:00,2025-06-03 10:13:00,2025-06-02
2025-06-03 03:30:00,84.81009231736714,1.5087204892744908,97.07954055824978,11.10811257227768,H,1,2025-06-02 20:55:00,2025-06-03 10:13:00,2025-06-02
2025-06-03 03:35:00,82.23884024279131,1.8390102080861506,99.03717734337253,12.226280914106045,H,1,2025-06-02 20:55:00,2025-06-03 10:13:00,2025-06-02
2025-06-03 03:40:00,72.09525544554688,1.3754701276531096,101.3762872667256,11.273766677688867,H,1,2025-06-02 20:55:00,2025-06-03 10:13:00,2025-06-02
2025-06-03 03:45:00,84.71468357135996,1.5389214910474485,103.78360594640016,7.98508627850998,H,1,2025-06-02 20:55:00,2025-06-03 10:13:00,2025-06-02
2025-06-03 03:50:00,98.82024496475034,1.3515058828603903,98.25656435317063,11.223306123397684,H,1,2025-06-02 20:55:00,2025-06-03 10:13:00,2025-06-02
2025-06-03 03:55:00,93.45420046154977,1.2359954977558587,103.22069774755789,11.388761777863374,H,1,2025-06-02 20:55:00,2025-06-03 10:13:00,2025-06-02
2025-06-03 04:00:00,95.93186626639397,1.377646181818943,123.67177086343277,13.267322049548117,H,1,2025-06-02 20:55:00,2025-06-03 10:13:00,2025-06-02
2025-06-03 04:05:00,74.88784323568815,1.4925926405903176,114.78174528422828,10.603600650777901,H,1,2025-06-02 20:55:00,2025-06-03 10:13:00,2025-06-02
2025-06-03 04:10:00,70.1039517974142,1.414139555096548,113.03731888745345,15.357349346745131,H,1,2025-06-02 20:55:00,2025-06-03 10:13:00,2025-06-02
2025-06-03 04:15:00,78.74213079900352,1.3615158040252289,93.16690710964194,8.176718898696485,H,1,2025-06-02 20:55:00,2025-06-03 10:13:00,2025-06-02
2025-06-03 04:20:00,80.55724912288694,1.2187365072656333,86.66138757657514,14.622334995605248,H,1,2025-06-02 20:55:00,2025-06-03 10:13:00,2025-06-02
2025-06-03 04:25:00,90.94191518470949,1.483378885474261,114.3295083735663,11.551362058243791,H,1,2025-06-02 20:55:00,2025-06-03 10:13:00,2025-06-02
2025-06-03 04:30:00,63.07535370285181,1.1990559251937996,113.14070188794692,13.719169744687113,H,1,2025-06-02 20:55:00,2025-06-03 10:13:00,2025-06-02
2025-06-03 04:35:00,95.29550319460614,1.6520111927379206,122.09006013626473,12.159602968117467,H,1,2025-06-02 20:55:00,2025-06-03 10:13:00,2025-06-02
2025-06-03 04:40:00,78.4199210142101,1.5164879505869007,90.94029061046156,14.279111072050938,H,1,2025-06-02 20:55:00,2025-06-03 10:13:00,2025-06-02
2025-06-03 04:45:00,75.7311893005258,1.2084897001070138,96.5567701695948,11.225276070894378,H,1,2025-06-02 20:55:00,2025-06-03 10:13:00,2025-06-02
2025-06-03 04:50:00,69.87895624739832,1.4381581845900273,75.40773756211848,9.802759149644375,H,1,2025-06-02 20:55:00,2025-06-03 10:13:00,2025-06-02
2025-06-03 04:55:00,63.451433281342304,1.3495687188818835,94.1129334090869,14.841008574542126,H,1,2025-06-02 20:55:00,2025-06-03 10:13:00,2025-06-02
2025-06-03 05:00:00,88.23170583961914,1.563834902083836,114.94855765869171,11.773038708235717,H,1,2025-06-02 20:55:00,2025-06-03 10:13:00,2025-06-02
2025-06-03 05:05:00,80.73317967188405,1.768090089204629,93.00256931157703,12.443116947248422,H,1,2025-06-02 20:55:00,2025-06-03 10:13:00,2025-06-02
2025-06-03 05:10:00,67.10039100258946,1.124965506070851,109.60719692801236,14.46950382808959,H,1,2025-06-02 20:55:00,2025-06-03 10:13:00,2025-06-02
2025-06-03 05:15:00,67.04921227936384,1.5230052158294833,97.14245341003283,9.93608951581113,H,1,2025-06-02 20:55:00,2025-06-03 10:13:00,2025-06-02
2025-06-03 05:20:00,76.64215300709871,1.4679734408866718,104.86085542332341,13.190981795278514,H,1,2025-06-02 20:55:00,2025-06-03 10:13:00,2025-06-02
2025-06-03 05:25:00,96.69021525289392,1.6342680152900932,82.78462915276499,10.820210487074219,H,1,2025-06-02 20:55:00,2025-06-03 10:13:00,2025-06-02
2025-06-03 05:30:00,77.40408648636395,1.542639325647538,101.27814174450852,11.735661288711256,H,1,2025-06-02 20:55:00,2025-06-03 10:13:00,2025-06-02
2025-06-03 05:35:00,64.96857046881894,1.3496061336522363,55.13296043648915,12.144557930768578,H,1,2025-06-02 20:55:00,2025-06-03 10:13:00,2025-06-02
2025-06-03 05:40:00,77.54256935914056,1.4361892128666764,97.19655762757023,8.999556277106128,H,1,2025-06-02 20:55:00,2025-06-03 10:13:00,2025-06-02
2025-06-03 05:45:00,77.2727643025233,1.340794828639302,75.5429013442729,10.442325914359131,H,1,2025-06-02 20:55:00,2025-06-03 10:13:00,2025-06-02
2025-06-03 05:50:00,53.03113357058429,1.7152014277197196,118.08991774820224,14.702145784826278,H,1,2025-06-02 20:55:00,2025-06-03 10:13:00,2025-06-02
2025-06-03 05:55:00,79.45705133482188,1.5042623297343884,111.66111029146766,13.772382377169592,H,1,2025-06-02 20:55:00,2025-06-03 10:13:00,2025-06-02
2025-06-03 06:00:00,77.69065469791322,1.8802381371506014,107.00006472949121,11.87472084534553,H,1,2025-06-02 20:55:00,2025-06-03 10:13:00,2025-06-02
2025-06-03 06:05:00,86.96206364813418,1.487867837237076,122.8150934073907,12.486246917025786,H,1,2025-06-02 20:55:00,2025-06-03 10:13:00,2025-06-02
2025-06-03 06:10:00,98.48956094945345,1.3583186466179074,85.76625218762744,11.411514988727085,H,1,2025-06-02 20:55:00,2025-06-03 10:13:00,2025-06-02
2025-06-03 06:15:00,91.26565029547757,1.1972571214774346,126.21044796873338,14.713166771655963,H,1,2025-06-02 20:55:00,2025-06-03 10:13:00,2025-06-02
2025-06-03 06:20:00,77.3111130944517,1.139372064748811,113.98287346390578,11.599294844411672,H,1,2025-06-02 20:55:00,2025-06-03 10:13:00,2025-06-02
2025-06-03 06:25:00,68.9347409125833,1.183172811398902,96.4516706917158,12.463684184269695,H,1,2025-06-02 20:55:00,2025-06-03 10:13:00,2025-06-02
2025-06-03 06:30:00,105.7335980324986,1.5534253302022967,117.03430220774416,14.29206028828413,H,1,2025-06-02 20:55:00,2025-06-03 10:13:00,2025-06-02
2025-06-03 06:35:00,80.59218434014488,1.6017450046459867,83.4055973138255,10.445257030308188,H,1,2025-06-02 20:55:00,2025-06-03 10:13:00,2025-06-02
2025-06-03 06:40:00,80.13929291912946,1.1837618595935733,87.6322875770849,15.117578368993788,H,1,2025-06-02 20:55:00,2025-06-03 10:13:00,2025-06-02
2025-06-03 06:45:00,79.75874912889996,1.679007662815223,90.8711541514045,8.939077180513246,H,1,2025-06-02 20:55:00,2025-06-03 10:13:00,2025-06-02
2025-06-03 06:50:00,81.98084760767856,1.403387789663312,92.06533437903977,15.259284262225597,H,1,2025-06-02 20:55:00,2025-06-03 10:13:00,2025-06-02
2025-06-03 06:55:00,78.55639588076058,1.52935860239711,84.15163535859621,11.25464883209605,H,1,2025-06-02 20:55:00,2025-06-03 10:13:00,2025-06-02
2025-06-03 07:00:00,74.26337993119763,1.8224441256510848,118.34624600642988,11.514602504349437,H,1,2025-06-02 20:55:00,2025-06-03 10:13:00,2025-06-02
2025-06-03 07:05:00,74.53141058759608,1.6793678631731064,96.11718399445253,8.219979657634115,H,1,2025-06-02 20:55:00,2025-06-03 10:13:00,2025-06-02
2025-06-03 07:10:00,79.67246729784002,1.4462938704188335,105.2875745253532,11.090410565244614,H,1,2025-06-02 20:55:00,2025-06-03 10:13:00,2025-06-02
2025-06-03 07:15:00,74.56575228866235,1.3217615549169426,91.44472950379479,9.920386937946231,H,1,2025-06-02 20:55:00,2025-06-03 10:13:00,2025-06-02
2025-06-03 07:20:00,72.87154217322836,1.069636919734139,72.69095049177224,10.784707309253054,H,1,2025-06-02 20:55:00,2025-06-03 10:13:00,2025-06-02
2025-06-03 07:25:00,81.06430227691897,1.356169336151516,104.05086037587134,11.725378068422241,H,1,2025-06-02 20:55:00,2025-06-03 10:13:00,2025-06-02
2025-06-03 07:30:00,77.45022782579144,1.457773952234461,71.31617536870334,13.915583228945811,H,1,2025-06-02 20:55:00,2025-06-03 10:13:00,2025-06-02
2025-06-03 07:35:00,95.0399298858269,1.3025640945697632,98.97048930871797,12.415206702801251,H,1,2025-06-02 20:55:00,2025-06-03 10:13:00,2025-06-02
2025-06-03 07:40:00,53.49030191606988,1.473748606581539,79.47527441750785,12.615353306802227,H,1,2025-06-02 20:55:00,2025-06-03 10:13:00,2025-06-02
2025-06-03 07:45:00,90.91506851922462,1.5153703765917537,129.8091399884621,9.808961222308875,H,1,2025-06-02 20:55:00,2025-06-03 10:13:00,2025-06-02
2025-06-03 07:50:00,92.4608519249763,1.4550288036383843,113.67044083262083,10.23849182079454,H,1,2025-06-02 20:55:00,2025-06-03 10:13:00,2025-06-02
2025-06-03 07:55:00,59.2660976759185,1.369999483835308,101.5863068690722,15.597450036702623,H,1,2025-06-02 20:55:00,2025-06-03 10:13:00,2025-06-02
2025-06-03 08:00:00,76.57312405919652,1.5337309343933456,118.95560016482003,10.529597930473507,H,1,2025-06-02 20:55:00,2025-06-03 10:13:00,2025-06-02
2025-06-03 08:05:00,76.28559134004209,1.5883881299138818,87.30526033801397,15.31241650411459,H,1,2025-06-02 20:55:00,2025-06-03 10:13:00,2025-06-02
2025-06-03 08:10:00,65.92488305282178,1.2819201845114307,108.15219068005139,11.513877602238267,H,1,2025-06-02 20:55:00,2025-06-03 10:13:00,2025-06-02
2025-06-03 08:15:00,72.22183312409125,1.782186475949254,102.99715650578071,12.004575872287008,H,1,2025-06-02 20:55:00,2025-06-03 10:13:00,2025-06-02
2025-06-03 08:20:00,68.89424154534171,1.4802823735431476,103.96030122000505,14.14073032045986,H,1,2025-06-02 20:55:00,2025-06-03 10:13:00,2025-06-02
2025-06-03 08:25:00,97.52270443423623,1.5037699245889695,119.08530250160152,14.543784843877313,H,1,2025-06-02 20:55:00,2025-06-03 10:13:00,2025-06-02
2025-06-03 08:30:00,89.35678393147461,1.6416428846513114,110.98738154169703,11.778374879441825,H,1,2025-06-02 20:55:00,2025-06-03 10:13:00,2025-06-02
2025-06-03 08:35:00,92.71555094994159,1.5466432262527003,104.33085494237535,11.223513892956923,H,1,2025-06-02 20:55:00,2025-06-03 10:13:00,2025-06-02
2025-06-03 08:40:00,87.21672064043236,1.690627326782649,75.17668845657556,11.888159102955573,H,1,2025-06-02 20:55:00,2025-06-03 10:13:00,2025-06-02
2025-06-03 08:45:00,68.70948228782771,1.5574248330403648,85.59930557080804,12.675915056464236,H,1,2025-06-02 20:55:00,2025-06-03 10:13:00,2025-06-02
2025-06-03 08:50:00,74.75479733720226,1.3775125250719125,98.15936599606414,13.782607373739511,H,1,2025-06-02 20:55:00,2025-06-03 10:13:00,2025-06-02
2025-06-03 08:55:00,84.89374561227918,1.5723007050412203,101.40058561414976,12.008459717988304,H,1,2025-06-02 20:55:00,2025-06-03 10:13:00,2025-06-02
2025-06-03 09:00:00,67.77872191108054,1.2712547585358676,83.04694412989114,13.237772596046307,H,1,2025-06-02 20:55:00,2025-06-03 10:13:00,2025-06-02
2025-06-03 09:05:00,87.12998430172388,1.5217119411553046,136.1751501336763,15.276719464541882,H,1,2025-06-02 20:55:00,2025-06-03 10:13:00,2025-06-02
2025-06-03 09:10:00,77.59674601841866,1.4933540018711078,122.74591082880359,12.762619224529569,H,1,2025-06-02 20:55:00,2025-06-03 10:13:00,2025-06-02
2025-06-03 09:15:00,76.25179192450402,1.458376628545492,109.03177480588725,12.623305712009557,H,1,2025-06-02 20:55:00,2025-06-03 10:13:00,2025-06-02
2025-06-03 09:20:00,87.10959968203491,1.4742924977122138,101.08055291925618,8.962178349819865,H,1,2025-06-02 20:55:00,2025-06-03 10:13:00,2025-06-02
2025-06-03 09:25:00,84.4426331148604,1.1236301909004722,96.81686545148273,6.738539726341873,H,1,2025-06-02 20:55:00,2025-06-03 10:13:00,2025-06-02
2025-06-03 09:30:00,76.3903383418092,1.3902550184518077,85.72122309966647,12.776751458460337,H,1,2025-06-02 20:55:00,2025-06-03 10:13:00,2025-06-02
2025-06-03 09:35:00,91.59329803364248,1.518568980228223,101.16220777778294,11.810351537438256,H,1,2025-06-02 20:55:00,2025-06-03 10:13:00,2025-06-02
2025-06-03 09:40:00,69.18936672400102,1.53197127839948,103.86628810214125,10.970434650170516,H,1,2025-06-02 20:55:00,2025-06-03 10:13:00,2025-06-02
2025-06-03 09:45:00,86.15935606944264,1.2944649718148082,81.37359136777563,12.48706040837269,H,1,2025-06-02 20:55:00,2025-06-03 10:13:00,2025-06-02
2025-06-03 09:50:00,85.93101257968384,1.75314156817294,105.01264625867346,11.879192541606184,H,1,2025-06-02 20:55:00,2025-06-03 10:13:00,2025-06-02
2025-06-03 09:55:00,76.9045356068601,1.3267650303571,97.67111426762877,14.255560501267798,H,1,2025-06-02 20:55:00,2025-06-03 10:13:00,2025-06-02
2025-06-03 10:00:00,83.26133022242118,1.6938914401053473,71.38288663183914,12.172221736517956,H,1,2025-06-02 20:55:00,2025-06-03 10:13:00,2025-06-02
2025-06-03 10:05:00,67.48886423614697,1.585438872374337,87.09422483830747,10.506153429859665,H,1,2025-06-02 20:55:00,2025-06-03 10:13:00,2025-06-02
2025-06-03 10:10:00,89.240270192069,1.3707545380312394,93.79591699867534,13.980332477918578,H,1,2025-06-02 20:55:00,2025-06-03 10:13:00,2025-06-02
2025-06-03 15:25:00,81.22009814645361,1.6001688949888915,104.82389817008858,11.03646805781305,L,1,2025-06-03 15:24:00,2025-06-03 16:53:00,2025-06-03
2025-06-03 15:30:00,105.60084538268795,1.1397884531694522,126.32399607470862,12.648917208705035,L,1,2025-06-03 15:24:00,2025-06-03 16:53:00,2025-06-03
2025-06-03 15:35:00,79.03940100275351,1.3914652400531957,100.27602446175158,8.39227441487527,L,1,2025-06-03 15:24:00,2025-06-03 16:53:00,2025-06-03
2025-06-03 15:40:00,91.49273326285676,1.3424432496183523,103.37896175871325,7.216087591373952,L,1,2025-06-03 15:24:00,2025-06-03 16:53:00,2025-06-03
2025-06-03 15:45:00,72.96823574874112,1.3758304803497767,110.39084132675289,13.6895487515634,L,1,2025-06-03 15:24:00,2025-06-03 16:53:00,2025-06-03
2025-06-03 15:50:00,79.65011509503039,1.4663712362830421,80.96004255179952,11.98887941270386,L,1,2025-06-03 15:24:00,2025-06-03 16:53:00,2025-06-03
2025-06-03 15:55:00,97.7080063563551,1.4055818844605745,125.53771987194409,14.357025379596845,L,1,2025-06-03 15:24:00,2025-06-03 16:53:00,2025-06-03
2025-06-03 16:00:00,73.73032942212232,1.1041400379248425,103.03493194634203,9.253194222060502,L,1,2025-06-03 15:24:00,2025-06-03 16:53:00,2025-06-03
2025-06-03 16:05:00,98.12448557996929,1.6495820512235069,124.47785348633664,13.039804279057504,L,1,2025-06-03 15:24:00,2025-06-03 16:53:00,2025-06-03
2025-06-03 16:10:00,87.07751935455475,1.2854513948520387,89.00450506714016,15.737635681087706,L,1,2025-06-03 15:24:00,2025-06-03 16:53:00,2025-06-03
2025-06-03 16:15:00,74.37533224105732,1.54784937282223,127.27092883836737,12.839411216714531,L,1,2025-06-03 15:24:00,2025-06-03 16:53:00,2025-06-03
2025-06-03 16:20:00,86.3240773905552,1.9148165339499947,111.62733241052175,12.553163011182097,L,1,2025-06-03 15:24:00,2025-06-03 16:53:00,2025-06-03
2025-06-03 16:25:00,89.7255444962673,1.3161230816827154,108.29560128778537,12.017112161648699,L,1,2025-06-03 15:24:00,2025-06-03 16:53:00,2025-06-03
2025-06-03 16:30:00,86.21809962217196,0.993942495450734,103.51036681529722,8.858237085748176,L,1,2025-06-03 15:24:00,2025-06-03 16:53:00,2025-06-03
2025-06-03 16:35:00,64.29775280109544,1.4427991556239779,96.27207072888326,14.711145871420696,L,1,2025-06-03 15:24:00,2025-06-03 16:53:00,2025-06-03
2025-06-03 16:40:00,72.72862824175131,1.7201919269997141,118.0079748771081,10.778284720389868,L,1,2025-06-03 15:24:00,2025-06-03 16:53:00,2025-06-03
2025-06-03 16:45:00,77.52481364448495,1.8916694908441187,102.1053980477207,13.008966512766033,L,1,2025-06-03 15:24:00,2025-06-03 16:53:00,2025-06-03
2025-06-03 16:50:00,79.25566570899954,1.2540900811095166,70.49395444619272,8.873931386857492,L,1,2025-06-03 15:24:00,2025-06-03 16:53:00,2025-06-03
